{
  "timestamp": "2025-08-26T21:06:40.293445",
  "engine_version": "Modern_Smart_AI_v2.0",
  "trading_mode": "ADAPTIVE",
  "adaptive_thresholds": {
    "minimum_decision_score": 0.683,
    "excellent_threshold": 0.8,
    "good_threshold": 0.65,
    "acceptable_threshold": 0.5,
    "poor_threshold": 0.35,
    "minimum_time_between_orders": 30,
    "maximum_orders_per_hour": 15,
    "grid_density_limit": 0.85,
    "learning_rate": 0.1,
    "performance_window": 50,
    "adaptation_sensitivity": 0.05
  },
  "success_rate_history": [
    0.0,
    0.0,
    0.0,
    0.0,
    0.0,
    1.0,
    0.0,
    0.0,
    0.0,
    0.0,
    0.0,
    0.0,
    1.0,
    0.0,
    1.0,
    1.0,
    0.0
  ],
  "decision_quality_history": [
    0.6576656250000001,
    0.6576906250000002,
    0.6532156250000003,
    0.6532062500000002,
    0.6486593750000003,
    0.6441125000000003,
    0.6395531250000003,
    0.6350125000000003,
    0.6278421052631581,
    0.6198645833333335,
    0.6109007352941177,
    0.6008203124999999,
    0.5893999999999999,
    0.5893333333333332,
    0.5892666666666666,
    0.5891999999999998,
    0.5891541666666665,
    0.5891083333333331,
    0.5890624999999999,
    0.5890708333333331,
    0.5890791666666666,
    0.5890874999999999,
    0.5889166666666665,
    0.5944140624999998,
    0.5998789062499998,
    0.604441176470588,
    0.6096176470588235,
    0.6133854166666666,
    0.6184479166666667,
    0.6216875,
    0.6264835526315788,
    0.6291874999999999,
    0.6337718749999999,
    0.638359375,
    0.642825,
    0.647290625,
    0.651740625,
    0.65623125,
    0.6607218749999999,
    0.6652093749999999,
    0.6696874999999999,
    0.6741656249999999,
    0.6787593749999999,
    0.67885,
    0.6789406250000001,
    0.6790031250000002,
    0.6790750000000001,
    0.679146875,
    0.6790906250000001,
    0.6789968749999999,
    0.6789031249999999,
    0.6787812499999999,
    0.6741062499999999,
    0.6694312499999999,
    0.6648781249999999,
    0.6603281249999998,
    0.6557781249999999,
    0.6511874999999999,
    0.651121875,
    0.6510562499999999,
    0.6509999999999998,
    0.6509656249999998,
    0.6509312499999999,
    0.6508999999999997,
    0.6508968749999997,
    0.6508937499999998,
    0.65088125,
    0.6508937499999998,
    0.6509062499999999,
    0.6509562499999999,
    0.6510124999999999,
    0.65106875,
    0.6556781249999999,
    0.6602499999999999,
    0.6648218749999998,
    0.6693906249999999,
    0.6740437499999999,
    0.678696875,
    0.678825,
    0.678928125,
    0.6790312500000001,
    0.6791125,
    0.67915625,
    0.6792,
    0.679215625,
    0.6792093749999999,
    0.6792031249999998,
    0.6791718749999998,
    0.6791437499999998,
    0.6791156249999999,
    0.6790812499999999,
    0.6790593749999998,
    0.6790374999999998,
    0.6790531249999998,
    0.6790749999999999,
    0.6790968749999998,
    0.6790343749999999,
    0.6789406249999999,
    0.6788468749999998,
    0.6787781249999999
  ],
  "recent_decisions": [
    {
      "timestamp": "2025-08-26T21:02:34.547774",
      "score": 0.6781249999999999,
      "quality": "ACCEPTABLE",
      "success": false
    },
    {
      "timestamp": "2025-08-26T21:02:39.542149",
      "score": 0.6781249999999999,
      "quality": "ACCEPTABLE",
      "success": false
    },
    {
      "timestamp": "2025-08-26T21:02:44.574752",
      "score": 0.5870625,
      "quality": "ACCEPTABLE",
      "success": false
    },
    {
      "timestamp": "2025-08-26T21:02:49.759413",
      "score": 0.5870625,
      "quality": "ACCEPTABLE",
      "success": false
    },
    {
      "timestamp": "2025-08-26T21:02:54.572758",
      "score": 0.5870625,
      "quality": "ACCEPTABLE",
      "success": false
    },
    {
      "timestamp": "2025-08-26T21:02:59.471960",
      "score": 0.5871249999999999,
      "quality": "ACCEPTABLE",
      "success": false
    },
    {
      "timestamp": "2025-08-26T21:03:04.732589",
      "score": 0.5871249999999999,
      "quality": "ACCEPTABLE",
      "success": false
    },
    {
      "timestamp": "2025-08-26T21:03:09.736359",
      "score": 0.5871249999999999,
      "quality": "ACCEPTABLE",
      "success": false
    },
    {
      "timestamp": "2025-08-26T21:03:14.659843",
      "score": 0.6776249999999999,
      "quality": "ACCEPTABLE",
      "success": false
    },
    {
      "timestamp": "2025-08-26T21:03:19.795536",
      "score": 0.6776249999999999,
      "quality": "ACCEPTABLE",
      "success": false
    },
    {
      "timestamp": "2025-08-26T21:03:24.722240",
      "score": 0.6776249999999999,
      "quality": "ACCEPTABLE",
      "success": false
    },
    {
      "timestamp": "2025-08-26T21:03:29.793862",
      "score": 0.6780625,
      "quality": "ACCEPTABLE",
      "success": false
    },
    {
      "timestamp": "2025-08-26T21:03:35.001205",
      "score": 0.6780625,
      "quality": "ACCEPTABLE",
      "success": false
    },
    {
      "timestamp": "2025-08-26T21:03:39.737199",
      "score": 0.6780625,
      "quality": "ACCEPTABLE",
      "success": false
    },
    {
      "timestamp": "2025-08-26T21:03:44.875226",
      "score": 0.678625,
      "quality": "ACCEPTABLE",
      "success": false
    },
    {
      "timestamp": "2025-08-26T21:03:49.750574",
      "score": 0.678625,
      "quality": "ACCEPTABLE",
      "success": false
    },
    {
      "timestamp": "2025-08-26T21:03:54.878010",
      "score": 0.678625,
      "quality": "ACCEPTABLE",
      "success": false
    },
    {
      "timestamp": "2025-08-26T21:04:00.263767",
      "score": 0.679125,
      "quality": "ACCEPTABLE",
      "success": false
    },
    {
      "timestamp": "2025-08-26T21:04:04.981494",
      "score": 0.679125,
      "quality": "ACCEPTABLE",
      "success": false
    },
    {
      "timestamp": "2025-08-26T21:04:10.266882",
      "score": 0.679125,
      "quality": "ACCEPTABLE",
      "success": false
    },
    {
      "timestamp": "2025-08-26T21:04:14.845725",
      "score": 0.6792499999999999,
      "quality": "ACCEPTABLE",
      "success": false
    },
    {
      "timestamp": "2025-08-26T21:04:19.739097",
      "score": 0.6792499999999999,
      "quality": "ACCEPTABLE",
      "success": false
    },
    {
      "timestamp": "2025-08-26T21:04:24.943323",
      "score": 0.6792499999999999,
      "quality": "ACCEPTABLE",
      "success": false
    },
    {
      "timestamp": "2025-08-26T21:04:29.895235",
      "score": 0.6784999999999999,
      "quality": "ACCEPTABLE",
      "success": false
    },
    {
      "timestamp": "2025-08-26T21:04:35.026897",
      "score": 0.6784999999999999,
      "quality": "ACCEPTABLE",
      "success": false
    },
    {
      "timestamp": "2025-08-26T21:04:39.917565",
      "score": 0.6784999999999999,
      "quality": "ACCEPTABLE",
      "success": false
    },
    {
      "timestamp": "2025-08-26T21:04:45.246139",
      "score": 0.6801875,
      "quality": "ACCEPTABLE",
      "success": false
    },
    {
      "timestamp": "2025-08-26T21:04:50.246161",
      "score": 0.6801875,
      "quality": "ACCEPTABLE",
      "success": false
    },
    {
      "timestamp": "2025-08-26T21:04:55.864736",
      "score": 0.6801875,
      "quality": "ACCEPTABLE",
      "success": false
    },
    {
      "timestamp": "2025-08-26T21:04:59.942258",
      "score": 0.6796875,
      "quality": "ACCEPTABLE",
      "success": false
    },
    {
      "timestamp": "2025-08-26T21:05:04.964631",
      "score": 0.6796875,
      "quality": "ACCEPTABLE",
      "success": false
    },
    {
      "timestamp": "2025-08-26T21:05:09.986619",
      "score": 0.6796875,
      "quality": "ACCEPTABLE",
      "success": false
    },
    {
      "timestamp": "2025-08-26T21:05:15.075333",
      "score": 0.6789375,
      "quality": "ACCEPTABLE",
      "success": false
    },
    {
      "timestamp": "2025-08-26T21:05:19.983839",
      "score": 0.6789375,
      "quality": "ACCEPTABLE",