{
  "timestamp": "2025-08-26T10:30:39.683010",
  "engine_version": "Modern_Smart_AI_v2.0",
  "trading_mode": "ADAPTIVE",
  "adaptive_thresholds": {
    "minimum_decision_score": 0.5,
    "excellent_threshold": 0.8,
    "good_threshold": 0.65,
    "acceptable_threshold": 0.5,
    "poor_threshold": 0.35,
    "minimum_time_between_orders": 30,
    "maximum_orders_per_hour": 15,
    "grid_density_limit": 0.85,
    "learning_rate": 0.1,
    "performance_window": 50,
    "adaptation_sensitivity": 0.05
  },
  "success_rate_history": [
    0.0,
    0.0,
    0.0,
    0.0
  ],
  "decision_quality_history": [
    0.27243202788243226,
    0.2723803617486797,
    0.27234038057614585,
    0.2723004669794323,
    0.27225551080484384,
    0.2722107235087162,
    0.27216583494910157,
    0.2721288376370782,
    0.27209180658500787,
    0.2720399043722709,
    0.2720101571155495,
    0.2719800723141041,
    0.27192914876794266,
    0.271894966514414,
    0.27186152970367966,
    0.271827853630724,
    0.2717791043328073,
    0.27172988201224213,
    0.27170089092083327,
    0.27169707234799734,
    0.27169345623723695,
    0.27168635016437237,
    0.27166904408067705,
    0.271651872914401,
    0.2716389006260833,
    0.27162548939165626,
    0.27161305690618753,
    0.27157356196134896,
    0.27153308822582556,
    0.27150768824025784,
    0.27149285950470314,
    0.2714778957690989,
    0.27148532328351044,
    0.27139860204867705,
    0.27131242081305473,
    0.2712261045775365,
    0.2711331120925339,
    0.27104025460683073,
    0.2709270308712968,
    0.2708097771356328,
    0.270692219650013,
    0.27057838841443227,
    0.2704677771787786,
    0.27035760469310677,
    0.27024414470746094,
    0.2701123234719063,
    0.2699804009862657,
    0.2698751022506719,
    0.2697519485151199,
    0.2696278497795703,
    0.2694915935439792,
    0.2693809148085443,
    0.26926912232296873,
    0.2692516135875208,
    0.26921984110197916,
    0.26918830486641404,
    0.26916418738008596,
    0.26915064114457554,
    0.269135407409125,
    0.2691236299236771,
    0.2691410211863802,
    0.2691584800078099,
    0.2691724151138021,
    0.2691819827539167,
    0.26919087541380987,
    0.26921812933722133,
    0.2692480295438463,
    0.2692779635042317,
    0.26932608997211976,
    0.26937065895266143,
    0.2694162043656041,
    0.26943607313801815,
    0.2694667126414452,
    0.26949786144337495,
    0.2695430039945469,
    0.2695739503139427,
    0.26960496415462765,
    0.2696252378682422,
    0.269646659217862,
    0.2696678781376276,
    0.2696604345967943,
    0.2696569197578594,
    0.26965303366209376,
    0.26965365005800523,
    0.2696433577118698,
    0.26963276161333594,
    0.26961877676122653,
    0.26960109939442706,
    0.269583827030836,
    0.269569639634862,
    0.2695594845652135,
    0.26954915864420836,
    0.2695268132859141,
    0.26965308982744535,
    0.2697792644979635,
    0.2699195341884401,
    0.27005658384462766,
    0.2701946124445287,
    0.2703328771449375,
    0.27044224289110935
  ],
  "recent_decisions": [
    {
      "timestamp": "2025-08-26T10:26:33.621305",
      "score": 0.26871653430703124,
      "quality": "BLOCKED",
      "success": false
    },
    {
      "timestamp": "2025-08-26T10:26:38.636999",
      "score": 0.2692278230729687,
      "quality": "BLOCKED",
      "success": false
    },
    {
      "timestamp": "2025-08-26T10:26:43.652749",
      "score": 0.2692363368359896,
      "quality": "BLOCKED",
      "success": false
    },
    {
      "timestamp": "2025-08-26T10:26:48.668472",
      "score": 0.26922595060041665,
      "quality": "BLOCKED",
      "success": false
    },
    {
      "timestamp": "2025-08-26T10:26:53.684201",
      "score": 0.2689471643645312,
      "quality": "BLOCKED",
      "success": false
    },
    {
      "timestamp": "2025-08-26T10:26:58.699918",
      "score": 0.2689475781292708,
      "quality": "BLOCKED",
      "success": false
    },
    {
      "timestamp": "2025-08-26T10:27:03.715957",
      "score": 0.26894259187723957,
      "quality": "BLOCKED",
      "success": false
    },
    {
      "timestamp": "2025-08-26T10:27:08.731382",
      "score": 0.2691524056571875,
      "quality": "BLOCKED",
      "success": false
    },
    {
      "timestamp": "2025-08-26T10:27:13.747053",
      "score": 0.2691318944243229,
      "quality": "BLOCKED",
      "success": false
    },
    {
      "timestamp": "2025-08-26T10:27:18.762802",
      "score": 0.26912893318739584,
      "quality": "BLOCKED",
      "success": false
    },
    {
      "timestamp": "2025-08-26T10:27:23.909693",
      "score": 0.26970934691489584,
      "quality": "BLOCKED",
      "success": false
    },
    {
      "timestamp": "2025-08-26T10:27:28.774421",
      "score": 0.26971111185307295,
      "quality": "BLOCKED",
      "success": false
    },
    {
      "timestamp": "2025-08-26T10:27:33.774840",
      "score": 0.26971085131041667,
      "quality": "BLOCKED",
      "success": false
    },
    {
      "timestamp": "2025-08-26T10:27:38.778978",
      "score": 0.2696306657575,
      "quality": "BLOCKED",
      "success": false
    },
    {
      "timestamp": "2025-08-26T10:27:43.785601",
      "score": 0.2696283799166146,
      "quality": "BLOCKED",
      "success": false
    },
    {
      "timestamp": "2025-08-26T10:27:48.798133",
      "score": 0.26963081895197916,
      "quality": "BLOCKED",
      "success": false
    },
    {
      "timestamp": "2025-08-26T10:27:53.800092",
      "score": 0.26970035838057294,
      "quality": "BLOCKED",
      "success": false
    },
    {
      "timestamp": "2025-08-26T10:27:58.813363",
      "score": 0.2697054972206771,
      "quality": "BLOCKED",
      "success": false
    },
    {
      "timestamp": "2025-08-26T10:28:03.841806",
      "score": 0.26969713613697915,
      "quality": "BLOCKED",
      "success": false
    },
    {
      "timestamp": "2025-08-26T10:28:08.838039",
      "score": 0.26963180015416666,
      "quality": "BLOCKED",
      "success": false
    },
    {
      "timestamp": "2025-08-26T10:28:15.567817",
      "score": 0.2696274425658854,
      "quality": "BLOCKED",
      "success": false
    },
    {
      "timestamp": "2025-08-26T10:28:18.950389",
      "score": 0.26962519852125,
      "quality": "BLOCKED",
      "success": false
    },
    {
      "timestamp": "2025-08-26T10:28:25.985098",
      "score": 0.2698491269045312,
      "quality": "BLOCKED",
      "success": false
    },
    {
      "timestamp": "2025-08-26T10:28:28.968531",
      "score": 0.2698489266390104,
      "quality": "BLOCKED",
      "success": false
    },
    {
      "timestamp": "2025-08-26T10:28:33.984551",
      "score": 0.26985001538796877,
      "quality": "BLOCKED",
      "success": false
    },
    {
      "timestamp": "2025-08-26T10:28:38.995270",
      "score": 0.2695665045171875,
      "quality": "BLOCKED",
      "success": false
    },
    {
      "timestamp": "2025-08-26T10:28:44.001134",
      "score": 0.2695628686909375,
      "quality": "BLOCKED",
      "success": false
    },
    {
      "timestamp": "2025-08-26T10:28:49.073352",
      "score": 0.26955787992947916,
      "quality": "BLOCKED",
      "success": false
    },
    {
      "timestamp": "2025-08-26T10:28:54.057177",
      "score": 0.2695603214167187,
      "quality": "BLOCKED",
      "success": false
    },
    {
      "timestamp": "2025-08-26T10:28:59.019613",
      "score": 0.2695533115827083,
      "quality": "BLOCKED",
      "success": false
    },
    {
      "timestamp": "2025-08-26T10:29:04.020913",
      "score": 0.26956047609822914,
      "quality": "BLOCKED",
      "success": false
    },
    {
      "timestamp": "2025-08-26T10:29:09.030572",
      "score": 0.269640815074375,
      "quality": "BLOCKED",
      "success": false
    },
    {
      "timestamp": "2025-08-26T10:29:14.036615",
      "score": 0.26963312939510414,
      "quality": "BLOCKED",