{
  "timestamp": "2025-08-26T19:40:38.906097",
  "engine_version": "Modern_Smart_AI_v2.0",
  "trading_mode": "ADAPTIVE",
  "adaptive_thresholds": {
    "minimum_decision_score": 0.746,
    "excellent_threshold": 0.8,
    "good_threshold": 0.65,
    "acceptable_threshold": 0.5,
    "poor_threshold": 0.35,
    "minimum_time_between_orders": 30,
    "maximum_orders_per_hour": 15,
    "grid_density_limit": 0.85,
    "learning_rate": 0.1,
    "performance_window": 50,
    "adaptation_sensitivity": 0.05
  },
  "success_rate_history": [
    0.0,
    0.0,
    0.0,
    0.0,
    0.0,
    1.0,
    0.0,
    0.0,
    0.0,
    0.0,
    0.0,
    0.0,
    1.0,
    0.0
  ],
  "decision_quality_history": [
    0.484825,
    0.48482812500000005,
    0.48483124999999994,
    0.484825,
    0.4848125,
    0.4847999999999999,
    0.4847781249999999,
    0.4847562499999999,
    0.48473437499999994,
    0.480246875,
    0.47578750000000003,
    0.47582812500000005,
    0.47584687500000006,
    0.47587187500000006,
    0.4758968750000002,
    0.47592812500000015,
    0.47598125000000013,
    0.47603437500000007,
    0.47608125,
    0.47614375,
    0.4762062499999999,
    0.47627187499999984,
    0.476353125,
    0.476434375,
    0.4765218750000001,
    0.47658125000000007,
    0.47664062500000004,
    0.47669999999999996,
    0.47678750000000003,
    0.476875,
    0.476934375,
    0.47699375,
    0.477053125,
    0.47710625,
    0.477140625,
    0.477175,
    0.47718750000000004,
    0.47720624999999994,
    0.4772249999999999,
    0.4772281249999999,
    0.4772687499999998,
    0.4773093749999998,
    0.47733437499999987,
    0.47735312499999993,
    0.47737187500000006,
    0.47741875000000017,
    0.47743125000000014,
    0.47744375000000006,
    0.477428125,
    0.47739999999999994,
    0.47737187499999995,
    0.4773437499999999,
    0.4773093749999999,
    0.47727499999999984,
    0.47725937499999976,
    0.4772437499999998,
    0.4772281249999998,
    0.4772062499999998,
    0.4771906249999998,
    0.4771749999999999,
    0.4771218749999999,
    0.47707812499999996,
    0.477034375,
    0.4769968750000001,
    0.47692187500000005,
    0.476846875,
    0.47680625,
    0.47677499999999995,
    0.4767437499999999,
    0.4767249999999999,
    0.4766937499999999,
    0.47666249999999993,
    0.47663749999999994,
    0.4766125,
    0.47658749999999994,
    0.4765625,
    0.4765437500000001,
    0.4765250000000001,
    0.47650000000000015,
    0.4764718750000002,
    0.4764437500000002,
    0.47640625000000025,
    0.47639062500000007,
    0.476375,
    0.47639687499999983,
    0.47640312499999976,
    0.4764093749999998,
    0.4764062499999998,
    0.47640624999999986,
    0.47640624999999986,
    0.47641874999999995,
    0.476428125,
    0.47643749999999996,
    0.476446875,
    0.47633749999999997,
    0.476228125,
    0.47611250000000005,
    0.476028125,
    0.47594375,
    0.47586249999999997
  ],
  "recent_decisions": [
    {
      "timestamp": "2025-08-26T19:36:33.313474",
      "score": 0.476875,
      "quality": "POOR",
      "success": false
    },
    {
      "timestamp": "2025-08-26T19:36:38.212156",
      "score": 0.476875,
      "quality": "POOR",
      "success": false
    },
    {
      "timestamp": "2025-08-26T19:36:43.366359",
      "score": 0.47674999999999995,
      "quality": "POOR",
      "success": false
    },
    {
      "timestamp": "2025-08-26T19:36:48.487512",
      "score": 0.47674999999999995,
      "quality": "POOR",
      "success": false
    },
    {
      "timestamp": "2025-08-26T19:36:53.382796",
      "score": 0.47674999999999995,
      "quality": "POOR",
      "success": false
    },
    {
      "timestamp": "2025-08-26T19:36:58.403303",
      "score": 0.47674999999999995,
      "quality": "POOR",
      "success": false
    },
    {
      "timestamp": "2025-08-26T19:37:03.419298",
      "score": 0.47674999999999995,
      "quality": "POOR",
      "success": false
    },
    {
      "timestamp": "2025-08-26T19:37:08.523895",
      "score": 0.47674999999999995,
      "quality": "POOR",
      "success": false
    },
    {
      "timestamp": "2025-08-26T19:37:13.471050",
      "score": 0.476875,
      "quality": "POOR",
      "success": false
    },
    {
      "timestamp": "2025-08-26T19:37:18.576445",
      "score": 0.476875,
      "quality": "POOR",
      "success": false
    },
    {
      "timestamp": "2025-08-26T19:37:23.583945",
      "score": 0.476875,
      "quality": "POOR",
      "success": false
    },
    {
      "timestamp": "2025-08-26T19:37:28.501238",
      "score": 0.4770625,
      "quality": "POOR",
      "success": false
    },
    {
      "timestamp": "2025-08-26T19:37:33.382804",
      "score": 0.4770625,
      "quality": "POOR",
      "success": false
    },
    {
      "timestamp": "2025-08-26T19:37:38.521546",
      "score": 0.4770625,
      "quality": "POOR",
      "success": false
    },
    {
      "timestamp": "2025-08-26T19:37:43.566389",
      "score": 0.47631249999999997,
      "quality": "POOR",
      "success": false
    },
    {
      "timestamp": "2025-08-26T19:37:48.648519",
      "score": 0.47631249999999997,
      "quality": "POOR",
      "success": false
    },
    {
      "timestamp": "2025-08-26T19:37:53.685761",
      "score": 0.47631249999999997,
      "quality": "POOR",
      "success": false
    },
    {
      "timestamp": "2025-08-26T19:37:58.591514",
      "score": 0.4765,
      "quality": "POOR",
      "success": false
    },
    {
      "timestamp": "2025-08-26T19:38:03.580371",
      "score": 0.4765,
      "quality": "POOR",
      "success": false
    },
    {
      "timestamp": "2025-08-26T19:38:08.602721",
      "score": 0.4765,
      "quality": "POOR",
      "success": false
    },
    {
      "timestamp": "2025-08-26T19:38:13.599992",
      "score": 0.47625,
      "quality": "POOR",
      "success": false
    },
    {
      "timestamp": "2025-08-26T19:38:18.592777",
      "score": 0.47625,
      "quality": "POOR",
      "success": false
    },
    {
      "timestamp": "2025-08-26T19:38:23.608864",
      "score": 0.47625,
      "quality": "POOR",
      "success": false
    },
    {
      "timestamp": "2025-08-26T19:38:28.631188",
      "score": 0.47625,
      "quality": "POOR",
      "success": false
    },
    {
      "timestamp": "2025-08-26T19:38:33.740319",
      "score": 0.47625,
      "quality": "POOR",
      "success": false
    },
    {
      "timestamp": "2025-08-26T19:38:38.625017",
      "score": 0.47625,
      "quality": "POOR",
      "success": false
    },
    {
      "timestamp": "2025-08-26T19:38:43.654087",
      "score": 0.47637500000000005,
      "quality": "POOR",
      "success": false
    },
    {
      "timestamp": "2025-08-26T19:38:48.860740",
      "score": 0.47637500000000005,
      "quality": "POOR",
      "success": false
    },
    {
      "timestamp": "2025-08-26T19:38:53.783894",
      "score": 0.47637500000000005,
      "quality": "POOR",
      "success": false
    },
    {
      "timestamp": "2025-08-26T19:38:58.834057",
      "score": 0.47631249999999997,
      "quality": "POOR",
      "success": false
    },
    {
      "timestamp": "2025-08-26T19:39:03.704045",
      "score": 0.47631249999999997,
      "quality": "POOR",
      "success": false
    },
    {
      "timestamp": "2025-08-26T19:39:08.848733",
      "score": 0.47631249999999997,
      "quality": "POOR",
      "success": false
    },
    {
      "timestamp": "2025-08-26T19:39:13.751130",
      "score": 0.47674999999999995,
      "quality": "POOR",
      "success": false
    },
    {
      "timestamp": "2025-08-26T19:39:18.753463",
      "score": 0.47674999999999995,
      "quality": "POOR",
      "success": false
    },
    {
      "timestamp": "2025-08-26T19:39:23.756729",
      "score": 0.47674999999999995,
      "quality": "POOR",
      "success": false
    },
    {
      "timestamp": "2025-08-26T19:39:28.903041",
      "score": 0.4764375,
      "quality": "POOR",